id;title;content;content_content_type;mood;created_at
1;勇敢 跑;../fake-data/blob/hipster.png;image/png;now 几乎 擦;2025-03-17T23:04:48
2;平坦 骨碌碌 celsius;../fake-data/blob/hipster.png;image/png;chap across;2025-03-18T08:18:42
3;短 攥;../fake-data/blob/hipster.png;image/png;the;2025-03-18T16:06:07
4;黑不溜秋 多么 快;../fake-data/blob/hipster.png;image/png;捣;2025-03-18T15:32:53
5;soup commercial chainstay;../fake-data/blob/hipster.png;image/png;揽 puritan;2025-03-17T19:12:45
6;whoa finally likewise;../fake-data/blob/hipster.png;image/png;anti;2025-03-18T05:36:14
7;vice;../fake-data/blob/hipster.png;image/png;yet 猛然 好些;2025-03-17T22:48:40
8;百般 红;../fake-data/blob/hipster.png;image/png;guide 全 整齐;2025-03-18T07:11:07
9;撒 伟大;../fake-data/blob/hipster.png;image/png;拣;2025-03-18T00:54:50
10;粗 果然 near;../fake-data/blob/hipster.png;image/png;索性 大;2025-03-18T00:52:47
