id;message;reminder_time;repeat_interval;created_at
1;huzzah expense;2025-03-17T23:08:12;toaster throughout incidentally;2025-03-18T02:40:38
2;midst 擒 倒;2025-03-18T02:20:52;快 awareness 握;2025-03-17T23:04:40
3;pine battle;2025-03-17T19:50:42;of 太 关闭;2025-03-18T02:46:58
4;拎;2025-03-17T20:33:02;最;2025-03-17T20:18:20
5;as whereas;2025-03-18T00:00:50;吐 hm doubter;2025-03-17T20:14:09
6;pish;2025-03-18T14:08:52;meatloaf who 敲;2025-03-18T02:22:57
7;lest forager;2025-03-18T15:16:35;也许 少 全;2025-03-18T08:18:55
8;就;2025-03-17T21:50:13;huzzah teammate;2025-03-18T11:41:41
9;依然;2025-03-18T16:19:06;全部 how;2025-03-17T19:10:13
10;雪白;2025-03-18T17:51:44;descendant whenever 整;2025-03-17T21:46:32
