id;title;description;status;due_date;priority;created_at;updated_at
1;woot 更 airport;坚固 apud gosh;CANCELLED;2025-03-18;24610;2025-03-18T17:22:35;2025-03-17T20:02:54
2;差点儿;pfft excepting barring;COMPLETED;2025-03-18;3932;2025-03-18T13:55:42;2025-03-18T01:39:35
3;慢;飞;IN_PROGRESS;2025-03-18;21263;2025-03-17T18:55:54;2025-03-18T08:31:15
4;敢情;鲁莽;PENDING;2025-03-18;5087;2025-03-17T23:24:23;2025-03-18T15:09:42
5;because than 都;down under 摇;PENDING;2025-03-18;12173;2025-03-18T09:10:42;2025-03-18T03:04:08
6;as inspection athwart;opposite atop;CANCELLED;2025-03-18;6328;2025-03-18T14:05:47;2025-03-18T09:26:31
7;笔直 phooey;转动 必然;IN_PROGRESS;2025-03-18;5712;2025-03-17T21:54:46;2025-03-18T03:15:38
8;aha incidentally;testimonial 披 schnitzel;CANCELLED;2025-03-17;31767;2025-03-18T17:46:01;2025-03-18T14:01:10
9;熟练 aha;整齐 热 woot;CANCELLED;2025-03-18;23767;2025-03-18T05:16:20;2025-03-18T02:34:12
10;aw furthermore 平常;熟练 meh aboard;CANCELLED;2025-03-18;7789;2025-03-17T21:33:23;2025-03-17T21:16:31
